{"cameraMode":{"drawMode":0,"name":"Shaded","section":"Shading Mode"},"sceneLighting":true,"audioPlay":false,"sceneViewState":{"m_AlwaysRefresh":true,"showFog":true,"showSkybox":true,"showFlares":true,"showImageEffects":true,"showParticleSystems":true,"showVisualEffectGraphs":true,"m_FxEnabled":true},"in2DMode":false,"pivot":{"x":43.42428207397461,"y":-41.076812744140628,"z":26.121110916137697},"rotation":{"x":0.001220385660417378,"y":-0.9326913356781006,"z":0.36197978258132937,"w":0.0011457342188805342},"size":35.94161605834961,"orthographic":false}